,clean,perturbed,source,group,class,predicted,batch
0,citations,citiations,anthro_typo,0,typo,citations,0
1,gnome,gnoje,zeroe_typo,0,typo,gone,0
2,directed,ditreecd,zeroe_noise,0,typo,directed,0
3,prediction,prtection,anthro_typo,0,typo,protection,0
4,quotations,cotations,zeroe_typo,0,typo,quotations,0
5,slightly,slighlty,zeroe_typo,0,typo,slightly,0
6,jenny,jeny,zeroe_noise,0,typo,jenny,0
7,processing,prossesing,zeroe_typo,0,typo,processing,0
8,lindsay,l9ndsat,zeroe_typo,0,typo,landsat,0
9,thoroughly,thouroghly,anthro_typo,0,typo,thoroughly,0
10,understood,undrstnd,anthro_typo,0,typo,understand,0
11,arctic,Arctis,zeroe_typo,0,typo,arctic,0
12,bill,bikl,zeroe_typo,0,typo,bikini,0
13,loans,loand,zeroe_typo,0,typo,loaned,0
14,heel,hddl,zeroe_typo,0,typo,huddle,0
15,economy,Econimy,zeroe_typo,0,typo,economy,0
16,maintaining,mantain,zeroe_typo,0,typo,maintain,0
17,joshua,josyua,zeroe_typo,0,typo,joshua,0
18,threatening,threatining,anthro_typo,0,typo,threatening,0
19,freeware,freeWhere,anthro_typo,0,typo,freeware,0
0,taste,taiste,anthro_typo,0,typo,taste,1
1,decide,deicide,anthro_typo,0,typo,decide,1
2,flow,flo,zeroe_noise,0,typo,flow,1
3,streams,strems,zeroe_noise,0,typo,streams,1
4,crest,ftest,zeroe_typo,0,typo,test,1
5,balance,b!a{lance,zeroe_noise,0,typo,balance,1
6,whiskey,whisky,zeroe_noise,0,typo,whiskey,1
7,scenic,svenic,zeroe_typo,0,typo,scenic,1
8,brain,nrain,zeroe_typo,0,typo,rain,1
9,blues,blueIs,anthro_typo,0,typo,blues,1
10,mexico,Messico,anthro_typo,0,typo,Mexico,1
11,sulfide,sldifue,zeroe_noise,0,typo,slide,1
12,staffing,stabiing,anthro_typo,0,typo,stabbing,1
13,laugh,l?augh,zeroe_noise,0,typo,laugh,1
14,stops,stopes,zeroe_typo,0,typo,topes,1
15,platinum,[lxtinhm,zeroe_typo,0,typo,lighten,1
16,guard,guard,anthro_typo,0,typo,guard,1
17,antiques,an)t^i+qu$es,zeroe_noise,0,typo,antiques,1
18,televisions,televisios,zeroe_noise,0,typo,televisions,1
19,persecuted,pertucseed,zeroe_noise,0,typo,persecuted,1
0,podcast,podast,zeroe_noise,0,typo,podcast,2
1,nepal,ne[al,zeroe_typo,0,typo,neural,2
2,driven,drievn,zeroe_noise,0,typo,driven,2
3,servicemen,scemveiern,zeroe_noise,0,typo,screenwriter,2
4,reproduce,reprouce,zeroe_noise,0,typo,reproduce,2
5,cancelled,fancwl.ed,zeroe_typo,0,typo,cancelled,2
6,hearing,Hearung,anthro_typo,0,typo,hearing,2
7,dealing,deuling,anthro_typo,0,typo,dueling,2
8,depending,defendimg,anthro_typo,0,typo,defending,2
9,felt,feldt,anthro_typo,0,typo,felt,2
10,penalties,penalitys,anthro_typo,0,typo,penalties,2
11,referral,referrel,anthro_typo,0,typo,referral,2
12,deutsche,deutsce,zeroe_noise,0,typo,deutsche,2
13,threshold,thresold,anthro_typo,0,typo,threshold,2
14,silk,silk,anthro_typo,0,typo,silk,2
15,loan,Lowen,anthro_typo,0,typo,lower,2
16,guide,guite,anthro_typo,0,typo,quite,2
17,duke,d8ke,zeroe_typo,0,typo,duke,2
18,treated,ttraeed,zeroe_noise,0,typo,treated,2
19,would,worldd,anthro_typo,0,typo,world,2
0,abroad,abroud,anthro_typo,0,typo,abroad,3
1,exterior,extsripr,zeroe_typo,0,typo,scripter,3
2,secret,sercet,zeroe_noise,0,typo,secret,3
3,parks,parcs,zeroe_typo,0,typo,scrap,3
4,sand,snd,zeroe_noise,0,typo,send,3
5,cornell,cornwlp,zeroe_typo,0,typo,cornwall,3
6,organisation,rganisation,zeroe_noise,0,typo,organisation,3
7,nearby,nervi,anthro_typo,0,typo,nervous,3
8,porter,ptreor,zeroe_noise,0,typo,report,3
9,beverage,befrage,anthro_typo,0,typo,befriend,3
10,defence,defecne,zeroe_noise,0,typo,defence,3
11,mixture,mixtire,zeroe_typo,0,typo,mixture,3
12,oracle,"orac,e",zeroe_typo,0,typo,oracle,3
13,reliance,relaince,anthro_typo,0,typo,reliance,3
14,logitech,pogitech,zeroe_typo,0,typo,logitech,3
15,jewellery,jowellery,zeroe_typo,0,typo,jewellery,3
16,meetup,meetup,anthro_typo,0,typo,meetup,3
17,spring,Sping,zeroe_typo,0,typo,spring,3
18,oldest,oldtext,anthro_typo,0,typo,old text,3
19,café,cfaé,zeroe_noise,0,typo,café,3
0,climbing,climing,zeroe_typo,0,typo,climbing,4
1,seasons,segons,anthro_typo,0,typo,seconds,4
2,church,chuch,zeroe_typo,0,typo,church,4
3,sanford,sanrord,zeroe_typo,0,typo,standard,4
4,menu,manu,zeroe_typo,0,typo,menu,4
5,supplemental,supplimental,anthro_typo,0,typo,supplemental,4
6,cincinnati,x9ncinnati,zeroe_typo,0,typo,cincinnati,4
7,loaded,loaed,zeroe_noise,0,typo,loaded,4
8,associate,aocsitase,zeroe_noise,0,typo,associate,4
9,chamber,chamfer,anthro_typo,0,typo,chamber,4
10,aurora,aurora,anthro_typo,0,typo,aura,4
11,garcia,gatcia,zeroe_typo,0,typo,garcia,4
12,lifestyle,lifestyle,anthro_typo,0,typo,lifestyle,4
13,artwork,arteork,zeroe_typo,0,typo,artwork,4
14,opening,openg,zeroe_typo,0,typo,opening,4
15,adequate,adaquate,anthro_typo,0,typo,adequate,4
16,scheduled,scheaduled,zeroe_typo,0,typo,scheduled,4
17,roommate,rommate,zeroe_typo,0,typo,roommate,4
18,murray,Murrey,anthro_typo,0,typo,murray,4
19,latinas,katibas,zeroe_typo,0,typo,kabitas,4
0,subscriber,subscrib@e&r,zeroe_noise,0,typo,subscribe,5
1,bikes,bkeis,zeroe_noise,0,typo,bikes,5
2,delivery,DelEvery,anthro_typo,0,typo,Delivery,5
3,mutually,mltuauly,zeroe_noise,0,typo,usually,5
4,publication,patiocubiln,zeroe_noise,0,typo,publication,5
5,boots,_boo:ts,zeroe_noise,0,typo,boots,5
6,capable,capabale,anthro_typo,0,typo,capable,5
7,perfume,perbene,anthro_typo,0,typo,prebend,5
8,weapon,wpaeon,zeroe_noise,0,typo,weapon,5
9,burns,nurns,zeroe_typo,0,typo,nurse,5
10,dealers,dellURSS,anthro_typo,0,typo,delirious,5
11,achievement,acheivement,anthro_typo,0,typo,achievement,5
12,evaluated,etuelvaad,zeroe_noise,0,typo,evaluate,5
13,discourage,Discrace,anthro_typo,0,typo,disgrace,5
14,adams,Adonis,anthro_typo,0,typo,adonis,5
15,croats,croatz,zeroe_typo,0,typo,coats,5
16,minority,mino?r@i{ty,zeroe_noise,0,typo,minority,5
17,atomic,a5omif,zeroe_typo,0,typo,atomic,5
18,year,uear,zeroe_typo,0,typo,urea,5
19,repository,rpository,zeroe_noise,0,typo,repository,5
0,corporations,corpotations,zeroe_typo,0,typo,corporations,6
1,clinic,cnliic,zeroe_noise,0,typo,clinic,6
2,located,laetocd,zeroe_noise,0,typo,located,6
3,databases,"databa,se$s",zeroe_noise,0,typo,databases,6
4,python,Pyton,anthro_typo,0,typo,Python,6
5,others,>o;t(her.s,zeroe_noise,0,typo,others,6
6,scan,svan,zeroe_typo,0,typo,van,6
7,aims,Ains,anthro_typo,0,typo,Anis,6
8,enemies,`enemi;es,zeroe_noise,0,typo,enemies,6
9,taxi,axi,zeroe_noise,0,typo,axis,6
10,setup,steup,zeroe_noise,0,typo,setup,6
11,input,nput,zeroe_noise,0,typo,input,6
12,desert,desset,zeroe_typo,0,typo,dessert,6
13,deserve,desereve,anthro_typo,0,typo,deserve,6
14,scholarship,scolarship,zeroe_typo,0,typo,scholarship,6
15,make,Maxe,anthro_typo,0,typo,Max,6
16,self,slf,zeroe_noise,0,typo,self,6
17,throughout,thrughtout,zeroe_typo,0,typo,throughout,6
18,apparatus,apartThis,anthro_typo,0,typo,apart this,6
19,hungarian,hungaria,zeroe_noise,0,typo,Hungary,6
0,shannon,Shannan,anthro_typo,0,typo,Shannon,7
1,know,KNIW,anthro_typo,0,typo,KNOW,7
2,hidden,hdden,zeroe_noise,0,typo,hidden,7
3,global,globa,zeroe_noise,0,typo,global,7
4,hazard,haward,anthro_typo,0,typo,Howard,7
5,homes,omes,zeroe_noise,0,typo,some,7
6,favor,faovr,zeroe_noise,0,typo,favor,7
7,attending,atteding,zeroe_typo,0,typo,attending,7
8,plane,Plame,anthro_typo,0,typo,Flame,7
9,delaware,Delawer,zeroe_typo,0,typo,Delaware,7
10,sexuality,sexuali-t|y,zeroe_noise,0,typo,sexuality,7
11,unique,uqunie,zeroe_noise,0,typo,unique,7
12,wednesday,wendesday,zeroe_typo,0,typo,Wednesday,7
13,directive,d9revyive,zeroe_typo,0,typo,derivative,7
14,mate,mte,zeroe_noise,0,typo,met,7
15,males,Malus,anthro_typo,0,typo,Mallus,7
16,trustees,trusts,zeroe_noise,0,typo,trust,7
17,approach,a=p<proach,zeroe_noise,0,typo,approach,7
18,purpose,propouse,zeroe_typo,0,typo,propose,7
19,boots,noots,zeroe_typo,1,typo,roots,7
0,joshua,joschka,anthro_typo,1,typo,Joschka,8
1,processing,progessing,anthro_typo,1,typo,progressing,8
2,corporations,corporategifts,anthro_typo,1,typo,corporate gifts,8
3,sand,sznd,zeroe_typo,1,typo,send,8
4,handle,hldnae,zeroe_noise,1,typo,handle,8
5,loaded,;0aved,zeroe_typo,1,typo,saved,8
6,iowa,"i""owa",zeroe_noise,1,typo,Iowa,8
7,boss,bsos,zeroe_noise,1,typo,boss,8
8,rocks,}rocks,zeroe_noise,1,typo,rocks,8
9,published,publishd,zeroe_noise,1,typo,published,8
10,shelf,shef,zeroe_noise,1,typo,chef,8
11,favor,fwclg,zeroe_typo,1,typo,flying,8
12,sterling,"s+te""rling",zeroe_noise,1,typo,sterling,8
13,latex,late~x,zeroe_noise,1,typo,latex,8
14,scenic,scenic,anthro_typo,1,typo,scenic,8
15,brain,Brien,anthro_typo,1,typo,Brian,8
16,publication,puvlicayion,zeroe_typo,1,typo,publication,8
17,hidden,hidding,zeroe_typo,1,typo,hiding,8
18,ordering,"or,dering",zeroe_noise,1,typo,ordering,8
19,speaks,spaks,zeroe_noise,1,typo,sparks,8
0,balance,balace,zeroe_typo,1,typo,balance,9
1,reproduce,repr;duce,zeroe_typo,1,typo,reproduce,9
2,setup,setu-,zeroe_typo,1,typo,setup,9
3,purpose,puropose,anthro_typo,1,typo,purpose,9
4,roommate,romaThe,anthro_typo,1,typo,romance,9
5,featuring,eaturing,zeroe_noise,1,typo,featuring,9
6,highlights,hhlgigtihs,zeroe_noise,1,typo,highlights,9
7,continent,!con.tinent,zeroe_noise,1,typo,continent,9
8,global,Gobal,zeroe_typo,1,typo,global,9
9,scan,scen,anthro_typo,1,typo,scene,9
10,directive,directpipeline,anthro_typo,1,typo,direct pipeline,9
11,cliché,cl[iché,zeroe_noise,1,typo,cliché,9
12,cells,cel[ls,zeroe_noise,1,typo,cells,9
13,whiskey,whyskey,zeroe_typo,1,typo,whiskey,9
14,subscriber,subscgiber,zeroe_typo,1,typo,subscriber,9
15,steps,st(e)ps,zeroe_noise,1,typo,steps,9
16,opening,opoining,anthro_typo,1,typo,opening,9
17,oracle,orakele,anthro_typo,1,typo,oracle,9
18,menu,meNeu,anthro_typo,1,typo,menu,9
19,jenny,Jnny,zeroe_typo,1,typo,Jenny,9
0,mate,mste,zeroe_typo,1,typo,smite,10
1,attending,attenting,anthro_typo,1,typo,attending,10
2,mystery,msrytey,zeroe_noise,1,typo,mystery,10
3,placement,pnmaceelt,zeroe_noise,1,typo,placement,10
4,cancelled,camcelled,anthro_typo,1,typo,cancelled,10
5,bikes,bikec,zeroe_typo,1,typo,biker,10
6,conditioning,conditionin,zeroe_noise,1,typo,conditioning,10
7,croats,Croatus,anthro_typo,1,typo,Croats,10
8,population,:p%op)u:l+atio}n,zeroe_noise,1,typo,population,10
9,unique,unic,zeroe_typo,1,typo,tunic,10
10,killer,kllier,zeroe_noise,1,typo,killer,10
11,tobacco,tcoacbo,zeroe_noise,1,typo,tobacco,10
12,mutually,mututally,zeroe_typo,1,typo,mutually,10
13,hungarian,hungaroab,zeroe_typo,1,typo,Hungarian,10
14,tankōbon,takōbon,zeroe_noise,1,typo,takoyaki,10
15,delaware,delawere,anthro_typo,1,typo,Delaware,10
16,thirty,}thir'ty,zeroe_noise,1,typo,thirty,10
17,friendly,flnriedy,zeroe_noise,1,typo,friendly,10
18,exterior,exterieur,anthro_typo,1,typo,exterior,10
19,jewellery,jewellery,anthro_typo,1,typo,jewelry,10
0,wednesday,Wedenesday,anthro_typo,1,typo,Wednesday,11
1,viewpicture,viewicture,zeroe_noise,1,typo,picture,11
2,livecam,lvaiecm,zeroe_noise,1,typo,calm,11
3,approach,approuch,zeroe_typo,1,typo,approach,11
4,organisation,organ9sagion,zeroe_typo,1,typo,organization,11
5,heel,hekel,anthro_typo,1,typo,keel,11
6,enemies,ennemies,zeroe_typo,1,typo,enemies,11
7,header,"]hea""der",zeroe_noise,1,typo,header,11
8,portal,ortal,zeroe_noise,1,typo,portal,11
9,pricing,pincirg,zeroe_noise,1,typo,pricing,11
10,maintaining,maintening,anthro_typo,1,typo,maintaining,11
11,located,Lacated,zeroe_typo,1,typo,Located,11
12,bridges,briges,zeroe_noise,1,typo,bridges,11
13,scholarship,scolarship,anthro_typo,1,typo,scholarship,11
14,others,otheres,zeroe_typo,1,typo,others,11
15,duke,duse,anthro_typo,1,typo,used,11
16,arctic,ArIsTiC,anthro_typo,1,typo,artistic,11
17,treated,treatet,zeroe_typo,1,typo,treated,11
18,irrigation,iriitagron,zeroe_noise,1,typo,irrigation,11
19,zdnet,zd)ne't,zeroe_noise,1,typo,didn't,11
0,antiques,antiquies,zeroe_typo,1,typo,antiques,12
1,clinic,clinnic,zeroe_typo,1,typo,clinic,12
2,mixture,micture,anthro_typo,1,typo,mixture,12
3,writings,writtings,zeroe_typo,1,typo,writings,12
4,stick,scitk,zeroe_noise,1,typo,stick,12
5,cornell,cornwall,anthro_typo,1,typo,Cornwall,12
6,economy,ecomomy,anthro_typo,1,typo,economy,12
7,lindsay,LINDSEY,anthro_typo,1,typo,Lindsey,12
8,artwork,artarak,anthro_typo,1,typo,karate,12
9,katrina,")katr*i,n^a",zeroe_noise,1,typo,katrina,12
10,hdtv,hdt$v,zeroe_noise,1,typo,hdtv,12
11,garcia,garcha,anthro_typo,1,typo,garage,12
12,quotations,Quatations,anthro_typo,1,typo,quotations,12
13,flow,f.ow,zeroe_typo,1,typo,flow,12
14,atomic,atonic,anthro_typo,1,typo,action,12
15,logitech,Lostech,anthro_typo,1,typo,lo-tech,12
16,climbing,climbimg,anthro_typo,1,typo,climbing,12
17,desert,Descreet,anthro_typo,1,typo,discreet,12
18,spring,sprong,anthro_typo,1,typo,spring,12
19,cincinnati,cincinatti,anthro_typo,1,typo,Cincinnati,12
0,missouri,issouri,zeroe_noise,1,typo,Missouri,13
1,parks,Parris,anthro_typo,1,typo,Paris,13
2,bill,biel,anthro_typo,1,typo,bile,13
3,streams,strfams,zeroe_typo,1,typo,strafes,13
4,interval,iterval,zeroe_noise,1,typo,interval,13
5,peoples,pe|opl*es,zeroe_noise,1,typo,people's,13
6,secure,seruce,zeroe_noise,1,typo,rescue,13
7,repository,re;ositorg,zeroe_typo,1,typo,restoring,13
8,taxi,texi,zeroe_typo,1,typo,exit,13
9,persecuted,persecjfed,zeroe_typo,1,typo,persecuted,13
10,nepal,nepol,anthro_typo,1,typo,melon,13
11,cleveland,cleealnvd,zeroe_noise,1,typo,cleansed,13
12,loans,lOMS,anthro_typo,1,typo,looms,13
13,isbn,ibsn,zeroe_noise,1,typo,bins,13
14,deutsche,Deutch,zeroe_typo,1,typo,Dutch,13
15,scheduled,schedulewed,anthro_typo,1,typo,scheduled,13
16,secret,secrtet,zeroe_typo,1,typo,secret,13
17,conf,cnf,zeroe_noise,1,typo,conf,13
18,usps,upss,zeroe_noise,1,typo,puss,13
19,stops,stopis,anthro_typo,1,typo,posit,13
0,slightly,sligtly,anthro_typo,1,typo,slightly,14
1,gnome,gnome,anthro_typo,1,typo,gnome,14
2,david,diavd,zeroe_noise,1,typo,david,14
3,self,sefl,zeroe_typo,1,typo,self,14
4,imagination,iimiatngaon,zeroe_noise,1,typo,imagination,14
5,minority,mihority,zeroe_typo,1,typo,minority,14
6,crest,crost,anthro_typo,1,typo,crossed,14
7,televisions,télévisions,zeroe_typo,1,typo,televisions,14
8,porter,[orter,zeroe_typo,1,typo,porter,14
9,appeals,aeplpas,zeroe_noise,1,typo,apples,14
10,corner,cornr,zeroe_noise,1,typo,corner,14
11,signatures,ignatures,zeroe_noise,1,typo,signatures,14
12,weapon,veapon,zeroe_typo,1,typo,weapon,14
13,defence,Devence,zeroe_typo,1,typo,defense,14
14,kinase,inase,zeroe_noise,1,typo,insane,14
15,sulfide,sulfise,zeroe_typo,1,typo,sulfide,14
16,café,cwfé,zeroe_typo,1,typo,café,14
17,sanford,Samford,anthro_typo,1,typo,Stanford,14
18,input,imput,zeroe_typo,1,typo,input,14
19,burns,buirns,anthro_typo,1,typo,burns,14
0,podcast,podcasg,zeroe_typo,1,typo,podcast,15
1,latinas,LATINUS,anthro_typo,1,typo,latinus,15
2,throughout,throughIt,anthro_typo,1,typo,through it,15
3,homes,h9mrs,zeroe_typo,1,typo,homers,15
4,platinum,Platinuim,anthro_typo,1,typo,platinum,15
5,year,yeer,anthro_typo,1,typo,year,15
6,laugh,laught,zeroe_typo,1,typo,laughed,15
7,evaluated,evalhated,zeroe_typo,1,typo,evaluated,15
8,responses,r|e$spons-es,zeroe_noise,1,typo,responses,15
9,associate,assosiate,zeroe_typo,1,typo,associate,15
10,databases,databawes,zeroe_typo,1,typo,databases,15
11,directed,eifecyed,zeroe_typo,1,typo,effected,15
12,printed,ptnerid,zeroe_noise,1,typo,printed,15
13,sexuality,sexuaoity,zeroe_typo,1,typo,sexuality,15
14,servicemen,wergicekfh,zeroe_typo,1,typo,wergicekfh,15
15,earrings,^e.ar&ri$ng~s,zeroe_noise,1,typo,bearings,15
16,driven,droven,zeroe_typo,1,typo,driven,15
17,church,chorych,anthro_typo,1,typo,chorych,15
18,municipality,munic>ipal^ity,zeroe_noise,2,typo,municipality,15
19,somewhere,srehmewoe,zeroe_noise,2,typo,srehmewoe,15
0,highlights,highlightes,zeroe_typo,2,typo,highlights,16
1,speaks,skeaks,zeroe_typo,2,typo,sneaks,16
2,others,otherws,anthro_typo,2,typo,others,16
3,deutsche,deutche,anthro_typo,2,typo,deutsche,16
4,input,inbut,anthro_typo,2,typo,input,16
5,stick,bick,zeroe_typo,2,typo,brick,16
6,killer,kikler,zeroe_typo,2,typo,killer,16
7,postal,p!o?stal,zeroe_noise,2,typo,postal,16
8,ordering,ord3ring,zeroe_typo,2,typo,ordering,16
9,cdna,cnda,zeroe_noise,2,typo,canada,16
10,café,café,anthro_typo,2,typo,cafe,16
11,secret,secreat,anthro_typo,2,typo,secret,16
12,inherited,inheritd,zeroe_noise,2,typo,inherited,16
13,imagination,imagetion,zeroe_typo,2,typo,imagination,16
14,kingston,kinston,zeroe_noise,2,typo,kingston,16
15,server,se+rv*e!r,zeroe_noise,2,typo,server,16
16,loaded,Loudodd,anthro_typo,2,typo,loudodd,16
17,mystery,mysterie,zeroe_typo,2,typo,mystery,16
18,antiques,antiguos,anthro_typo,2,typo,antiguos,16
19,ferry,fe&rry,zeroe_noise,2,typo,ferry,16
0,located,LOSTed,anthro_typo,2,typo,Lost,17
1,tankōbon,tankōbon,zeroe_typo,2,typo,Tankobon,17
2,sexuality,secuality,anthro_typo,2,typo,Sexuality,17
3,printed,printe,zeroe_typo,2,typo,Printer,17
4,approach,approuch,anthro_typo,2,typo,Approach,17
5,taxi,taki,anthro_typo,2,typo,Take,17
6,corner,corter,zeroe_typo,2,typo,Carter,17
7,cliché,coifhé,zeroe_typo,2,typo,Coiffe,17
8,katrina,Katarina,zeroe_typo,2,typo,Katrina,17
9,steps,stepls,zeroe_typo,2,typo,Steps,17
10,self,Seewolf,anthro_typo,2,typo,Seawolf,17
11,strict,stric.t,zeroe_noise,2,typo,Strict,17
12,blackberry,backberry,zeroe_noise,2,typo,Blackberry,17
13,examples,xamples,zeroe_noise,2,typo,Examples,17
14,evaluated,evoluated,anthro_typo,2,typo,Evaluated,17
15,conf,vonf,zeroe_typo,2,typo,Conf,17
16,unique,unoque,anthro_typo,2,typo,Unique,17
17,rocks,rockx,zeroe_typo,2,typo,Rocks,17
18,ware,wre,zeroe_noise,2,typo,Were,17
19,hungarian,Hungern,anthro_typo,2,typo,Hunger,17
0,irrigation,irrigarion,zeroe_typo,2,typo,irrigation,18
1,grâce,grâe,zeroe_noise,2,typo,grade,18
2,writings,Writtens,anthro_typo,2,typo,written,18
3,livecam,livecxm,zeroe_typo,2,typo,livexcm,18
4,jenny,Jeany,anthro_typo,2,typo,jeans,18
5,earrings,earings,zeroe_typo,2,typo,earrings,18
6,typical,&ty\pical,zeroe_noise,2,typo,&typical,18
7,appeals,appeala,zeroe_typo,2,typo,appeal,18
8,draws,_draws,zeroe_noise,2,typo,draws,18
9,reproduce,reproducable,anthro_typo,2,typo,reproducible,18
10,whiskey,Whiney,anthro_typo,2,typo,whiney,18
11,bikes,bises,anthro_typo,2,typo,bises,18
12,minority,minoirty,anthro_typo,2,typo,minority,18
13,published,pubished,zeroe_typo,2,typo,published,18
14,hdtv,hrtv,zeroe_typo,2,typo,hrtv,18
15,cleveland,clegeland,zeroe_typo,2,typo,cleveland,18
16,televisions,Televisiones,anthro_typo,2,typo,televisiones,18
17,subscriber,SUBCRIBER,anthro_typo,2,typo,subscriber,18
18,associate,assuste,anthro_typo,2,typo,assuste,18
19,playing,"p=l`a=y&i,n-g",zeroe_noise,2,typo,playing,18
0,servicemen,Servisin,anthro_typo,2,typo,Servicing,19
1,peoples,peeples,zeroe_typo,2,typo,People,19
2,kinase,jinase,zeroe_typo,2,typo,Jasmine,19
3,relate,raltee,zeroe_noise,2,typo,Reality,19
4,encryption,encryptin,zeroe_noise,2,typo,Encryption,19
5,usps,uzps,zeroe_typo,2,typo,Zips,19
6,university,un.iv?e?rsity,zeroe_noise,2,typo,University,19
7,header,headfr,zeroe_typo,2,typo,Header,19
8,repository,repositiry,anthro_typo,2,typo,Repository,19
9,driven,drivein,anthro_typo,2,typo,Driving,19
10,treated,trodded,anthro_typo,2,typo,Trod,19
11,sterling,sterlinv,zeroe_typo,2,typo,Sterling,19
12,viewpicture,biewpictire,zeroe_typo,2,typo,Viewpicture,19
13,homes,houes,anthro_typo,2,typo,House,19
14,directed,Direct3D,anthro_typo,2,typo,Direct3D,19
15,latex,la6ex,zeroe_typo,2,typo,Latex,19
16,clinic,clinic,anthro_typo,2,typo,Clinic,19
17,enemies,enimes,anthro_typo,2,typo,Enemies,19
18,disposition,isposition,zeroe_noise,2,typo,Disposition,19
19,sand,samd,anthro_typo,2,typo,Sand,19
0,mate,mathe,anthro_typo,2,typo,theme,20
1,conditioning,condicioning,zeroe_typo,2,typo,conditioning,20
2,sulfide,Sulphide,anthro_typo,2,typo,sulphide,20
3,participate,piitptaacre,zeroe_noise,2,typo,participate,20
4,surprised,surpris:ed,zeroe_noise,2,typo,surprised,20
5,secure,mecure,zeroe_typo,2,typo,measure,20
6,responses,res;kmses,zeroe_typo,2,typo,resumes,20
7,laugh,laigh,anthro_typo,2,typo,laugh,20
8,society,siectoy,zeroe_noise,2,typo,society,20
9,iowa,jowa,zeroe_typo,2,typo,jowar,20
10,merely,mere(ly,zeroe_noise,2,typo,merely,20
11,placement,plasment,zeroe_typo,2,typo,placement,20
12,databases,databosses,anthro_typo,2,typo,databases,20
13,boss,bos,zeroe_typo,2,typo,boss,20
14,mutually,Muttley,anthro_typo,2,typo,muttley,20
15,speak,sapek,zeroe_noise,2,typo,speak,20
16,galleries,galleris,zeroe_noise,2,typo,galleries,20
17,jamaica,jmaacia,zeroe_noise,2,typo,jamaica,20
18,modified,mod}if)ied,zeroe_noise,2,typo,modified,20
19,boots,bodas,anthro_typo,2,typo,bodies,20
0,hidden,hijyen,anthro_typo,2,typo,hygiene,21
1,needle,eedle,zeroe_noise,2,typo,needle,21
2,nasty,nast,zeroe_noise,2,typo,ants,21
3,friendly,friendlly,zeroe_typo,2,typo,friendly,21
4,called,~c!a{ll~ed,zeroe_noise,2,typo,called,21
5,fielded,^fi)elded,zeroe_noise,2,typo,fielded,21
6,minnesota,mosennita,zeroe_noise,2,typo,amniotes,21
7,generous,gnerous,zeroe_noise,2,typo,generous,21
8,missouri,misskuri,zeroe_typo,2,typo,Missouri,21
9,balance,balanse,anthro_typo,2,typo,balance,21
10,shelter,shelt&er,zeroe_noise,2,typo,shelter,21
11,portal,podtal,zeroe_typo,2,typo,portal,21
12,continent,contiment,zeroe_typo,2,typo,continent,21
13,whilst,~whi<l+s%t,zeroe_noise,2,typo,whilst,21
14,somewhat,seowmhat,zeroe_noise,2,typo,somewhat,21
15,jill,jil,zeroe_noise,2,typo,jail,21
16,tobacco,tobavco,zeroe_typo,2,typo,tobacco,21
17,organisation,orginazation,anthro_typo,2,typo,organization,21
18,pricing,pr8cibg,zeroe_typo,2,typo,pricing,21
19,wellington,wglnlioetn,zeroe_noise,2,typo,wellington,21
0,humanity,"$hum""anity",zeroe_noise,2,typo,Humanity,22
1,beam,baem,zeroe_noise,2,typo,Beam,22
2,bridges,bridgs,zeroe_typo,2,typo,Bridges,22
3,plumbing,[plum(b{i>ng,zeroe_noise,2,typo,Plumbing,22
4,population,popolation,zeroe_typo,2,typo,Population,22
5,rough,rugoh,zeroe_noise,2,typo,Rough,22
6,interval,in6erval,zeroe_typo,2,typo,Interval,22
7,handle,handl,zeroe_typo,2,typo,Handle,22
8,podcast,podkast,anthro_typo,2,typo,Podcast,22
9,signatures,sifnagures,zeroe_typo,2,typo,Signatures,22
10,venture,";ven$t?u^r""e",zeroe_noise,2,typo,Venture,22
11,weapon,weapin,anthro_typo,2,typo,Weapon,22
12,publication,publicatoin,anthro_typo,2,typo,Publication,22
13,global,Glibal,anthro_typo,2,typo,Global,22
14,favor,Favour,anthro_typo,2,typo,Favor,22
15,shelf,xhelf,zeroe_typo,2,typo,Shelf,22
16,lincoln,linc$ol%n,zeroe_noise,2,typo,Lincoln,22
17,graham,gaharm,zeroe_noise,2,typo,Grammar,22
18,zdnet,svnef,zeroe_typo,2,typo,Seven,22
19,high,hgih,zeroe_noise,2,typo,High,22
0,tongue,to:n;gue,zeroe_noise,2,typo,tongue,23
1,defence,defince,anthro_typo,2,typo,defence,23
2,prototype,rototype,zeroe_noise,2,typo,prototype,23
3,thirty,Thidty,zeroe_typo,2,typo,Thirty,23
4,trial,tr+i+a-l,zeroe_noise,2,typo,trial,23
5,work,wrok,zeroe_noise,2,typo,work,23
6,yield,]yi*el{d,zeroe_noise,2,typo,yield,23
7,cells,cellw,zeroe_typo,2,typo,cell,23
8,isbn,lxbn,zeroe_typo,2,typo,lunch,23
9,david,Daivd,zeroe_typo,2,typo,David,23
10,flow,FluWow,anthro_typo,2,typo,Follow,23
11,streams,Streems,anthro_typo,2,typo,Streams,23
12,featuring,feathring,zeroe_typo,2,typo,feathering,23
13,porter,portar,anthro_typo,2,typo,portal,23
14,setup,setiap,anthro_typo,2,typo,staple,23
15,telecom,teceolm,zeroe_noise,2,typo,telecom,23
16,persecuted,persucted,anthro_typo,2,typo,persecuted,23
17,david,Davud,anthro_typo,3,typo,David,23
18,merely,merel6,zeroe_typo,3,typo,merely,23
19,ordering,orturing,anthro_typo,3,typo,touring,23
0,typical,tipical,zeroe_typo,3,typo,typical,24
1,steps,Stupis,anthro_typo,3,typo,stupid,24
2,trial,"tria,",zeroe_typo,3,typo,trial,24
3,viewpicture,viewpicture,anthro_typo,3,typo,view picture,24
4,cells,Celles,anthro_typo,3,typo,cells,24
5,placement,plaignent,anthro_typo,3,typo,plaint,24
6,featuring,feeaturing,anthro_typo,3,typo,featuring,24
7,needle,neexpe,zeroe_typo,3,typo,next,24
8,examples,exemples,zeroe_typo,3,typo,examples,24
9,zdnet,zdnet,anthro_typo,3,typo,net,24
10,insider,iesidnr,zeroe_noise,3,typo,resin,24
11,limits,imits,zeroe_noise,3,typo,limits,24
12,stick,sthick,anthro_typo,3,typo,stick,24
13,continent,continuant,anthro_typo,3,typo,continuant,24
14,somewhere,somewhre,zeroe_typo,3,typo,somewhere,24
15,only,on%ly,zeroe_noise,3,typo,only,24
16,predictions,predict#ion]s,zeroe_noise,3,typo,predictions,24
17,tobacco,TOBAGO,anthro_typo,3,typo,Tobago,24
18,disposition,disposistion,zeroe_typo,3,typo,disposition,24
19,blackberry,blaxkberry,zeroe_typo,3,typo,blackberry,24
0,rage,rgae,zeroe_noise,3,typo,rage,25
1,assets,astses,zeroe_noise,3,typo,assets,25
2,swiss,ssiws,zeroe_noise,3,typo,swiss,25
3,retro,&r>et)r@o,zeroe_noise,3,typo,operator,25
4,neither,nhieter,zeroe_noise,3,typo,neither,25
5,latex,latix,anthro_typo,3,typo,latex,25
6,strict,stric,zeroe_typo,3,typo,strict,25
7,appeals,applaus,anthro_typo,3,typo,applause,25
8,galleries,galeries,zeroe_typo,3,typo,galleries,25
9,mystery,mystery,anthro_typo,3,typo,mystery,25
10,livecam,livfcm,anthro_typo,3,typo,micflv,25
11,guestbook,guestboo,zeroe_noise,3,typo,guestbook,25
12,population,populaiton,anthro_typo,3,typo,population,25
13,parents,parnts,zeroe_noise,3,typo,parents,25
14,somewhat,comewgwt,zeroe_typo,3,typo,comegwt,25
15,iowa,ioha,anthro_typo,3,typo,ohai,25
16,topics,/topi<c:s,zeroe_noise,3,typo,/topic:s,25
17,postal,pkstal,zeroe_typo,3,typo,plastik,25
18,participate,paticipate,zeroe_typo,3,typo,participate,25
19,surrey,urrey,zeroe_noise,3,typo,surrey,25
0,yield,yeld,zeroe_typo,3,typo,yield,26
1,findings,findigs,zeroe_noise,3,typo,findings,26
2,pricing,prusuing,anthro_typo,3,typo,pursuing,26
3,cdna,cxna,zeroe_typo,3,typo,cana,26
4,corruption,corrupin,zeroe_noise,3,typo,corrupting,26
5,shelter,ehelter,zeroe_typo,3,typo,shelter,26
6,boss,Bocs,anthro_typo,3,typo,bogs,26
7,interval,intervel,anthro_typo,3,typo,interval,26
8,broadcasting,boadcsting,zeroe_noise,3,typo,broadcasting,26
9,portal,portayal,anthro_typo,3,typo,portrayal,26
10,minnesota,mibbesotz,zeroe_typo,3,typo,mibbesots,26
11,high,hagh,zeroe_typo,3,typo,hang,26
12,modified,moditied,zeroe_typo,3,typo,modified,26
13,speak,speack,zeroe_typo,3,typo,speak,26
14,beam,beqm,zeroe_typo,3,typo,beam,26
15,responses,responsys,anthro_typo,3,typo,response,26
16,draws,dgaws,zeroe_typo,3,typo,draws,26
17,fitting,(fitting,zeroe_noise,3,typo,fitting,26
18,corner,Cormier,anthro_typo,3,typo,cormier,26
19,privacy,pcvriay,zeroe_noise,3,typo,privacy,26
0,library,\l{ib'rary,zeroe_noise,3,typo,library,27
1,treat,reat,zeroe_noise,3,typo,great,27
2,venture,venyurd,zeroe_typo,3,typo,venture,27
3,work,wroked,zeroe_typo,3,typo,worked,27
4,trusts,truts,zeroe_noise,3,typo,trusts,27
5,addition,a}ddition,zeroe_noise,3,typo,addition,27
6,lincoln,Lincon,zeroe_typo,3,typo,Lincoln,27
7,inherited,herited,zeroe_typo,3,typo,inherited,27
8,caribbean,c|arib>bean,zeroe_noise,3,typo,Caribbean,27
9,humanity,umanity,zeroe_typo,3,typo,humanity,27
10,jill,kj.l,zeroe_typo,3,typo,kill,27
11,acute,+acute,zeroe_noise,3,typo,acute,27
12,killer,Kilar,anthro_typo,3,typo,Kilar,27
13,generous,jenerous,zeroe_typo,3,typo,generous,27
14,shelf,shoulf,anthro_typo,3,typo,should,27
15,promoted,prometod,zeroe_noise,3,typo,promoted,27
16,jamaica,Jamaika,zeroe_typo,3,typo,Jamaica,27
17,thirty,theorty,anthro_typo,3,typo,theory,27
18,playing,Playind,zeroe_typo,3,typo,Playing,27
19,friendly,freindly,anthro_typo,3,typo,friendly,27
0,missouri,Migori,anthro_typo,3,typo,Mirroring,28
1,kinase,kineske,anthro_typo,3,typo,Kinescope,28
2,tomatoes,omatos,zeroe_noise,3,typo,Tomatoes,28
3,katrina,Katharina,anthro_typo,3,typo,Katharina,28
4,isbn,isivin,anthro_typo,3,typo,Vision,28
5,fielded,fieleed,zeroe_typo,3,typo,Defiled,28
6,german,~g(erman,zeroe_noise,3,typo,German,28
7,tankōbon,tankōbon,anthro_typo,3,typo,Tankobon,28
8,integrate,irtegtnae,zeroe_noise,3,typo,Integrate,28
9,sterling,Stirling,anthro_typo,3,typo,Stirling,28
10,university,Univercity,zeroe_typo,3,typo,University,28
11,whilst,whilit,zeroe_typo,3,typo,Whitlit,28
12,encryption,encryp6lon,zeroe_typo,3,typo,Encryption,28
13,speaks,SPEEKS,anthro_typo,3,typo,Speeks,28
14,financing,f{i%n#an>c{i<n/g,zeroe_noise,3,typo,Fiction,28
15,hardware,hadware,zeroe_noise,3,typo,Hardware,28
16,printed,promted,anthro_typo,3,typo,Prompted,28
17,conf,conIf,anthro_typo,3,typo,Conif,28
18,trustees,treetuss,zeroe_noise,3,typo,Trustees,28
19,dōjin,dōjn,zeroe_noise,3,typo,Dojin,28
0,moderators,moderatrs,zeroe_noise,3,typo,moderators,29
1,hdtv,hdtv,anthro_typo,3,typo,HDTV,29
2,graham,Grahan,zeroe_typo,3,typo,Graham,29
3,handle,handele,anthro_typo,3,typo,handle,29
4,usps,usfs,anthro_typo,3,typo,uses,29
5,ferry,ferd7,zeroe_typo,3,typo,Fred,29
6,bridges,Britishes,anthro_typo,3,typo,British,29
7,authorized,authorizd,zeroe_noise,3,typo,authorized,29
8,sentence,stnecnee,zeroe_noise,3,typo,sentence,29
9,deeply,dpeley,zeroe_noise,3,typo,delay,29
10,municipality,munici0qlity,zeroe_typo,3,typo,municipality,29
11,tongue,toungue,zeroe_typo,3,typo,tongue,29
12,guest,uest,zeroe_noise,3,typo,quest,29
13,ware,wafe,zeroe_typo,3,typo,wave,29
14,published,publiced,anthro_typo,3,typo,published,29
15,rough,rought,zeroe_typo,3,typo,brought,29
16,nail,nial,zeroe_noise,3,typo,nail,29
17,wellington,Welington,zeroe_typo,3,typo,Wellington,29
18,industries,iridtensus,zeroe_noise,3,typo,iridescence,29
19,greece,geerce,zeroe_noise,3,typo,fierce,29
0,conditioning,commititng,anthro_typo,3,typo,committing,30
1,limited,litiemd,zeroe_noise,3,typo,limited,30
2,secure,Seguire,anthro_typo,3,typo,segue,30
3,lies,lie%s,zeroe_noise,3,typo,lies,30
4,society,sesiety,zeroe_typo,3,typo,society,30
5,truth,ruth,zeroe_noise,3,typo,truth,30
6,signatures,signataires,anthro_typo,3,typo,signatories,30
7,plumbing,plumbering,zeroe_typo,3,typo,plumbing,30
8,façades,f*açad\e[s,zeroe_noise,3,typo,facade,30
9,peoples,peebles,anthro_typo,3,typo,pebbles,30
10,occurring,ournccirg,zeroe_noise,3,typo,occuring,30
11,prototype,lrototype,zeroe_typo,3,typo,prototype,30
12,irrigation,irrigiation,anthro_typo,3,typo,irrigation,30
13,harmful,ha:rmfu.l,zeroe_noise,3,typo,harmful,30
14,recommend,r+ec#o\mmend,zeroe_noise,3,typo,recommend,30
15,grâce,grâcf,zeroe_typo,3,typo,grace,30
16,server,[[servet,zeroe_typo,3,typo,servet,30
17,zoloft,zfolot,zeroe_noise,3,typo,zloty,30
18,earrings,EARONS,anthro_typo,3,typo,earons,30
19,deer,+d(e\er,zeroe_noise,3,typo,deeper,30
0,rocks,Roks,anthro_typo,3,typo,Rocks,31
1,telecom,telecome,zeroe_typo,3,typo,telephone,31
2,cleveland,Cleaveland,anthro_typo,3,typo,Cleveland,31
3,remind,reind,zeroe_noise,3,typo,reindeer,31
4,header,helder,anthro_typo,3,typo,elder,31
5,highlights,Highligts,anthro_typo,3,typo,highlights,31
6,called,calle,zeroe_typo,3,typo,callee,31
7,cute,ute,zeroe_noise,3,typo,cute,31
8,surprised,surprized,zeroe_typo,3,typo,surprised,31
9,imagination,imajından,anthro_typo,3,typo,imagination,31
10,cliché,clashé,anthro_typo,3,typo,clashed,31
11,illustrated,illus#trat}ed,zeroe_noise,3,typo,illustrated,31
12,spain,sp'ain,zeroe_noise,3,typo,Spain,31
13,kingston,.ingst;n,zeroe_typo,3,typo,instinct,31
14,nasty,natsy,zeroe_typo,3,typo,nasty,31
15,relate,rela6e,zeroe_typo,3,typo,relaxed,31
16,illustrated,iolkctrated,zeroe_typo,4,typo,illustrated,31
17,lincoln,linkeln,anthro_typo,4,typo,kennel,31
18,promoted,promouted,zeroe_typo,4,typo,promoted,31
19,insider,insidef,zeroe_typo,4,typo,inside,31
0,server,servir,anthro_typo,4,typo,server,32
1,zoloft,zoloff,zeroe_typo,4,typo,zoloft,32
2,lies,lyes,zeroe_typo,4,typo,yes,32
3,addition,addintion,zeroe_typo,4,typo,addition,32
4,needle,needle,anthro_typo,4,typo,needle,32
5,shelter,sholder,anthro_typo,4,typo,shoulder,32
6,guest,Guets,zeroe_typo,4,typo,guests,32
7,kingston,kington,anthro_typo,4,typo,kingston,32
8,parents,parents',zeroe_typo,4,typo,parents,32
9,high,hisgh,anthro_typo,4,typo,high,32
10,papua,p(apua,zeroe_noise,4,typo,papua,32
11,examples,exemplos,anthro_typo,4,typo,examples,32
12,industries,[[Industrie,zeroe_typo,4,typo,industries,32
13,typical,typicial,anthro_typo,4,typo,typical,32
14,nail,naip,zeroe_typo,4,typo,nail,32
15,guestbook,gues5book,zeroe_typo,4,typo,guestbook,32
16,affiliate,ffiliate,zeroe_noise,4,typo,affiliate,32
17,islands,is_lan`ds,zeroe_noise,4,typo,islands,32
18,crucial,cauricl,zeroe_noise,4,typo,auricle,32
19,smithsonian,smitsonian,zeroe_noise,4,typo,smithsonian,32
0,associations,aoitniaocsss,zeroe_noise,4,typo,associations,33
1,affects,aefctfs,zeroe_noise,4,typo,effects,33
2,façades,façsdes,zeroe_typo,4,typo,facades,33
3,border,bdoerr,zeroe_noise,4,typo,border,33
4,nursing,nunsirg,zeroe_noise,4,typo,nursing,33
5,hardware,hardwares,zeroe_typo,4,typo,hardware,33
6,thru,trhu,zeroe_noise,4,typo,hurt,33
7,plumbing,plumbing,anthro_typo,4,typo,plumbing,33
8,graham,grahem,anthro_typo,4,typo,grammar,33
9,trusts,rrusts,zeroe_typo,4,typo,trusts,33
10,only,olny,zeroe_typo,4,typo,only,33
11,instruments,i<nstru#ments,zeroe_noise,4,typo,instruments,33
12,assets,assetc,zeroe_typo,4,typo,assets,33
13,limited,limites,zeroe_typo,4,typo,limits,33
14,integrate,intebrate,zeroe_typo,4,typo,invertebrate,33
15,humanity,huamnity,anthro_typo,4,typo,humanity,33
16,inner,i?nner,zeroe_noise,4,typo,inner,33
17,prototype,Prototyope,anthro_typo,4,typo,prototype,33
18,university,univerisity,anthro_typo,4,typo,university,33
19,patricia,atricia,zeroe_noise,4,typo,Patricia,33
0,speak,spaak,anthro_typo,4,typo,spark,34
1,truth,turth,zeroe_typo,4,typo,truth,34
2,blackberry,BlessVery,anthro_typo,4,typo,Blessed,34
3,gamma,ga%mma,zeroe_noise,4,typo,gamma,34
4,jamaica,Jamiaca,anthro_typo,4,typo,Jamaica,34
5,strict,strIght,anthro_typo,4,typo,straight,34
6,ware,waje,anthro_typo,4,typo,wage,34
7,gravity,gvtraiy,zeroe_noise,4,typo,gravity,34
8,greece,Grance,zeroe_typo,4,typo,France,34
9,modified,modifieid,anthro_typo,4,typo,modified,34
10,remind,remaind,zeroe_typo,4,typo,remained,34
11,deeply,dreeply,zeroe_typo,4,typo,deeply,34
12,modules,moduls,zeroe_noise,4,typo,modules,34
13,stayed,staed,zeroe_noise,4,typo,stayed,34
14,innovation,ioaiotnvnn,zeroe_noise,4,typo,innovation,34
15,broke,boe,zeroe_noise,4,typo,bone,34
16,rage,rag3,zeroe_typo,4,typo,rage,34
17,equipment,euqimpent,zeroe_noise,4,typo,equipment,34
18,wanting,wa/nt:in;g,zeroe_noise,4,typo,wanting,34
19,playing,plaaaying,anthro_typo,4,typo,playing,34
0,findings,fingdings,zeroe_typo,4,typo,findings,35
1,relate,realate,anthro_typo,4,typo,relate,35
2,merely,mereley,anthro_typo,4,typo,merely,35
3,participate,participantjoe,anthro_typo,4,typo,participant,35
4,player,play*er,zeroe_noise,4,typo,player,35
5,update,updte,zeroe_noise,4,typo,update,35
6,strain,sirtan,zeroe_noise,4,typo,strain,35
7,harmful,harmfull,zeroe_typo,4,typo,harmful,35
8,tongue,toungue,anthro_typo,4,typo,tongue,35
9,superior,s#u!peri$o!r,zeroe_noise,4,typo,superior,35
10,predictions,previctions,zeroe_typo,4,typo,predictions,35
11,work,Wook,anthro_typo,4,typo,Book,35
12,financing,finahcing,zeroe_typo,4,typo,financing,35
13,limits,oimits,zeroe_typo,4,typo,limits,35
14,grâce,grâce,anthro_typo,4,typo,grace,35
15,jill,jiEo1,anthro_typo,4,typo,jello,35
16,trial,treal,anthro_typo,4,typo,treat,35
17,helping,helpin,zeroe_noise,4,typo,helping,35
18,spain,Spania,zeroe_typo,4,typo,Spain,35
19,fielded,fileted,anthro_typo,4,typo,filed,35
0,confused,"c.o,nf;us(ed",zeroe_noise,4,typo,confused,36
1,draws,Drows,anthro_typo,4,typo,Words,36
2,yield,yieled,anthro_typo,4,typo,yielded,36
3,somewhat,someehat,anthro_typo,4,typo,somewhat,36
4,rough,Rosch,anthro_typo,4,typo,Horch,36
5,cream,caerm,zeroe_noise,4,typo,cream,36
6,german,germany,zeroe_typo,4,typo,Germany,36
7,telecom,Telekom,anthro_typo,4,typo,Telecom,36
8,cute,qute,zeroe_typo,4,typo,quite,36
9,disposition,dispositioneven,anthro_typo,4,typo,disposition,36
10,topics,tppics,zeroe_typo,4,typo,topics,36
11,acute,adkte,zeroe_typo,4,typo,stake,36
12,occurring,occuring,zeroe_typo,4,typo,occurring,36
13,standard,sdtranad,zeroe_noise,4,typo,standard,36
14,surprised,surpirsed,anthro_typo,4,typo,surprised,36
15,protective,prvcetitoe,zeroe_noise,4,typo,perceptive,36
16,lookup,lookp,zeroe_noise,4,typo,lookup,36
17,deer,dwer,zeroe_typo,4,typo,dewer,36
18,then,t>he.n,zeroe_noise,4,typo,then,36
19,registrar,ritgasrer,zeroe_noise,4,typo,registrar,36
0,acre,acr;e,zeroe_noise,4,typo,acre,37
1,blended,lended,zeroe_noise,4,typo,lender,37
2,galleries,Galerius,anthro_typo,4,typo,glare,37
3,nasty,Naugty,anthro_typo,4,typo,naughty,37
4,genres,"g|e,nres",zeroe_noise,4,typo,genres,37
5,immigrants,]i$mm?igr{ants,zeroe_noise,4,typo,immigrants,37
6,beam,beim,anthro_typo,4,typo,bem,37
7,treat,treate,zeroe_typo,4,typo,treat,37
8,transmit,ransmit,zeroe_noise,4,typo,transmit,37
9,urls,uls,zeroe_noise,4,typo,sul,37
10,whilst,Whomst,anthro_typo,4,typo,whom,37
11,hostel,hotesl,zeroe_noise,4,typo,hostel,37
12,privacy,privacity,zeroe_typo,4,typo,privacy,37
13,cdna,CDMA,anthro_typo,4,typo,cad,37
14,caribbean,Caribeans,zeroe_typo,4,typo,Caribbean,37
15,encryption,encriptación,anthro_typo,4,typo,encryption,37
16,fitting,fittibg,zeroe_typo,4,typo,fitting,37
17,trustees,truatees,zeroe_typo,4,typo,trustees,37
18,retro,refto,zeroe_typo,4,typo,ref,37
19,called,cawild,anthro_typo,4,typo,wild,37
0,tomatoes,Tomatos,zeroe_typo,4,typo,Tomatoes,38
1,recognize,reco>g@nize,zeroe_noise,4,typo,recognize,38
2,continues,centuinos,zeroe_noise,4,typo,continues,38
3,neither,neigthe,zeroe_typo,4,typo,height,38
4,blvd,bvld,zeroe_noise,4,typo,build,38
5,inherited,inhereted,anthro_typo,4,typo,inherited,38
6,society,socjety,anthro_typo,4,typo,society,38
7,skype,kype,zeroe_noise,4,typo,skype,38
8,generous,GENERIS,anthro_typo,4,typo,generic,38
9,somewhere,somewehre,anthro_typo,4,typo,somewhere,38
10,lamb,l(am>b,zeroe_noise,4,typo,lamb,38
11,broadcasting,broascasting,zeroe_typo,4,typo,broadcasting,38
12,ferry,feari,anthro_typo,4,typo,fairy,38
13,postal,postel,anthro_typo,4,typo,postal,38
14,sentence,senctence,zeroe_typo,4,typo,sentence,38
15,library,Libriry,zeroe_typo,4,typo,library,38
16,speeches,sp@eeches,zeroe_noise,4,typo,speeches,38
17,authorized,autorized,zeroe_typo,4,typo,authorized,38
18,having,;ha+vin(g,zeroe_noise,4,typo,having,38
19,password,pass[w!ord,zeroe_noise,4,typo,password,38
0,wellington,wellingtonian,anthro_typo,4,typo,Wellingtonian,39
1,municipality,municipality,anthro_typo,4,typo,municipality,39
2,corruption,forrkption,zeroe_typo,4,typo,corruption,39
3,minnesota,minessota,anthro_typo,4,typo,Minnesota,39
4,swiss,Switss,zeroe_typo,4,typo,Swiss,39
5,voters,oters,zeroe_noise,4,typo,others,39
6,sacramento,"""sac'ra}mento",zeroe_noise,4,typo,Sacramento,39
7,dōjin,dōnim,zeroe_typo,4,typo,domain,39
8,surrey,surrry,zeroe_typo,4,typo,surrey,39
9,venture,VENDRE,anthro_typo,4,typo,vendre,39
10,river,rive~r,zeroe_noise,4,typo,river,39
11,moderators,k0derators,zeroe_typo,4,typo,moderators,39
12,recommend,remend,zeroe_typo,4,typo,mender,39
13,machinery,ma~chi:ner(y,zeroe_noise,4,typo,machinery,39
14,chick,chcik,zeroe_noise,4,typo,chick,39
15,cute,cuite,anthro_typo,5,typo,suite,39
16,river,rever,zeroe_typo,5,typo,river,39
17,rage,rase,anthro_typo,5,typo,erase,39
18,industries,industrynews,anthro_typo,5,typo,industry news,39
19,façades,façades,anthro_typo,5,typo,façades,39
0,addresses,/ad*dresses,zeroe_noise,5,typo,addresses,40
1,islands,Inlands,zeroe_typo,5,typo,islands,40
2,authorized,Authorised,anthro_typo,5,typo,authorized,40
3,spain,spaaawn,anthro_typo,5,typo,spawn,40
4,standard,standar,zeroe_typo,5,typo,standard,40
5,cream,crem,zeroe_typo,5,typo,cream,40
6,zoloft,zoloft,anthro_typo,5,typo,Zoloft,40
7,harmful,harmful,anthro_typo,5,typo,harmful,40
8,nursing,nurce,zeroe_typo,5,typo,nurse,40
9,voyeurweb,voyeurwe,zeroe_noise,5,typo,voyeurism,40
10,mirror,miror,zeroe_noise,5,typo,mirror,40
11,market,maret,zeroe_noise,5,typo,market,40
12,advised,dvised,zeroe_noise,5,typo,advised,40
13,retro,Retiro,anthro_typo,5,typo,retire,40
14,moderators,Moderadores,anthro_typo,5,typo,moderators,40
15,corruption,corruptioin,anthro_typo,5,typo,corruption,40
16,proof,proo,zeroe_noise,5,typo,proof,40
17,voters,goterz,zeroe_typo,5,typo,goat,40
18,recognize,recougnize,zeroe_typo,5,typo,recognize,40
19,confused,vonfused,zeroe_typo,5,typo,confused,40
0,healing,ealing,zeroe_noise,5,typo,angel,41
1,integrate,integrateHe,anthro_typo,5,typo,integration,41
2,swiss,swass,anthro_typo,5,typo,swiss,41
3,parents,parentis,anthro_typo,5,typo,parents,41
4,surrey,SuroHey,anthro_typo,5,typo,hoseyur,41
5,lange,la/nge,zeroe_noise,5,typo,angle,41
6,possessing,poenssissg,zeroe_noise,5,typo,possessing,41
7,findings,findoms,anthro_typo,5,typo,infodms,41
8,crucial,crusial,zeroe_typo,5,typo,crucial,41
9,financing,financing,anthro_typo,5,typo,fiancing,41
10,reed,ree,zeroe_noise,5,typo,ere,41
11,illustrated,illustrated,anthro_typo,5,typo,illustrated,41
12,guestbook,guestbook,anthro_typo,5,typo,guestbook,41
13,occurring,occurring,anthro_typo,5,typo,occuring,41
14,strain,w6raun,zeroe_typo,5,typo,w6raun,41
15,broke,brok,zeroe_typo,5,typo,bork,41
16,registry,reg)i(s#try,zeroe_noise,5,typo,registry,41
17,twisted,twsited,zeroe_noise,5,typo,twisted,41
18,papua,pqpua,zeroe_typo,5,typo,pqpua,41
19,genres,generes,zeroe_typo,5,typo,genres,41
0,german,Germen,anthro_typo,5,typo,German,42
1,deeply,devily,anthro_typo,5,typo,devil,42
2,patricia,Patricias,zeroe_typo,5,typo,Patricia,42
3,occupation,occupaton,zeroe_noise,5,typo,occupation,42
4,strongly,srngtloy,zeroe_noise,5,typo,strongly,42
5,speeches,speechs,zeroe_typo,5,typo,speeches,42
6,kept,kpet,zeroe_noise,5,typo,kept,42
7,tomatoes,tomawtos,anthro_typo,5,typo,tomatoes,42
8,acute,acude,anthro_typo,5,typo,acute,42
9,française,françise,zeroe_noise,5,typo,franchise,42
10,addition,adittion,anthro_typo,5,typo,addition,42
11,drilling,dlliring,zeroe_noise,5,typo,drilling,42
12,queens,qeuens,zeroe_noise,5,typo,queens,42
13,superior,su0efioe,zeroe_typo,5,typo,surface,42
14,urls,ur;s,zeroe_typo,5,typo,ours,42
15,only,Onley,anthro_typo,5,typo,Only,42
16,frame,frmae,zeroe_noise,5,typo,frame,42
17,registrar,reglstrar,zeroe_typo,5,typo,registrar,42
18,gamma,gammq,zeroe_typo,5,typo,gamma,42
19,wanting,wantjng,zeroe_typo,5,typo,wanting,42
0,deer,deur,anthro_typo,5,typo,dure,43
1,primary,}primary,zeroe_noise,5,typo,primary,43
2,helping,helpened,zeroe_typo,5,typo,helped,43
3,neither,neider,anthro_typo,5,typo,neither,43
4,password,passw0rd,zeroe_typo,5,typo,password,43
5,invest,ivsent,zeroe_noise,5,typo,invest,43
6,lopez,.l@opez,zeroe_noise,5,typo,lopez,43
7,predictions,producttions,anthro_typo,5,typo,productions,43
8,chick,cuick,zeroe_typo,5,typo,quick,43
9,then,htn,zeroe_typo,5,typo,nth,43
10,meta,mtea,zeroe_noise,5,typo,mate,43
11,gravity,grzvity,zeroe_typo,5,typo,gravity,43
12,wiltshire,wltrhsiie,zeroe_noise,5,typo,whistle,43
13,library,libarary,anthro_typo,5,typo,library,43
14,math,mtah,zeroe_noise,5,typo,math,43
15,referrals,(re'ferral+s,zeroe_noise,5,typo,referrals,43
16,observation,observ}ation,zeroe_noise,5,typo,observation,43
17,nail,NAWL,anthro_typo,5,typo,law,43
18,trustees,tristes,anthro_typo,5,typo,sitters,43
19,lamb,lamn,zeroe_typo,5,typo,lamb,43
0,souls,ouls,zeroe_noise,5,typo,soul,44
1,curve,cu*rve,zeroe_noise,5,typo,curve,44
2,liable,lbiale,zeroe_noise,5,typo,liable,44
3,world,wrld,zeroe_noise,5,typo,world,44
4,continues,continuoes,zeroe_typo,5,typo,continuous,44
5,psychiatry,psyhiatry,zeroe_noise,5,typo,psychiatry,44
6,assets,asshats,anthro_typo,5,typo,asshats,44
7,lies,liks,anthro_typo,5,typo,likes,44
8,trusts,Tristes,anthro_typo,5,typo,Tristes,44
9,memo,mmeo,zeroe_noise,5,typo,memo,44
10,blvd,blvr,zeroe_typo,5,typo,blvr,44
11,cellular,celluar,zeroe_noise,5,typo,cellular,44
12,lookup,.9okip,zeroe_typo,5,typo,.9okip,44
13,machinery,Machinary,zeroe_typo,5,typo,Machinery,44
14,equipment,epuipment,zeroe_typo,5,typo,equipment,44
15,caribbean,carrabean,anthro_typo,5,typo,Caribbean,44
16,border,bodder,zeroe_typo,5,typo,bother,44
17,blended,glended,zeroe_typo,5,typo,glended,44
18,having,Havinng,zeroe_typo,5,typo,Having,44
19,immigrants,Imigrants,zeroe_typo,5,typo,Immigrants,44
0,thru,thry,zeroe_typo,5,typo,try,45
1,affiliate,afciliag4,zeroe_typo,5,typo,facial,45
2,recommend,recomended,anthro_typo,5,typo,recommended,45
3,skype,shype,zeroe_typo,5,typo,shape,45
4,surprise,"s\ur""prise",zeroe_noise,5,typo,surprise,45
5,sink,snik,zeroe_noise,5,typo,sink,45
6,limits,limitas,anthro_typo,5,typo,limits,45
7,sentence,senetence,anthro_typo,5,typo,sentence,45
8,nobody,nobod,zeroe_noise,5,typo,nobody,45
9,inner,ibner,zeroe_typo,5,typo,brine,45
10,remind,remond,anthro_typo,5,typo,demon,45
11,superb,sperb,zeroe_noise,5,typo,superb,45
12,hostel,hostal,zeroe_typo,5,typo,hostel,45
13,stayed,staied,zeroe_typo,5,typo,stayed,45
14,smithsonian,"s,ithsoniab",zeroe_typo,5,typo,smithsonian,45
15,innovation,innovantion,zeroe_typo,5,typo,innovation,45
16,limited,limited,anthro_typo,5,typo,limited,45
17,dōjin,dōjin,anthro_typo,5,typo,doujin,45
18,valentine,"v\a,le^nti\ne",zeroe_noise,5,typo,valentine,45
19,drinking,drin?king,zeroe_noise,5,typo,drinking,45
0,indexes,?in[de<x]es,zeroe_noise,5,typo,indecisive,46
1,interim,inter%im,zeroe_noise,5,typo,interim,46
2,privacy,profwcy,anthro_typo,5,typo,proficiency,46
3,treat,trut,anthro_typo,5,typo,truth,46
4,truth,troath,anthro_typo,5,typo,throat,46
5,swingers,swiners,zeroe_noise,5,typo,swingers,46
6,fitting,fiding,anthro_typo,5,typo,finding,46
7,topics,topis,anthro_typo,5,typo,topics,46
8,insider,incidir,anthro_typo,5,typo,incider,46
9,continually,continualy,zeroe_noise,5,typo,continually,46
10,hardware,hardwire,anthro_typo,5,typo,hardwired,46
11,instruments,instrumenta,zeroe_typo,5,typo,instrumental,46
12,promoted,pronated,anthro_typo,5,typo,pronounced,46
13,greece,Grice,anthro_typo,5,typo,Grace,46
14,protective,protectlve,zeroe_typo,5,typo,protective,46
15,blank,blak,zeroe_noise,5,typo,black,46
16,planned,*planned,zeroe_noise,5,typo,unplanned,46
17,ambivalent,ambvalent,zeroe_noise,5,typo,ambivalent,46
18,update,updata,zeroe_typo,5,typo,update,46
19,transmit,tramit,zeroe_typo,5,typo,transmit,46
0,affects,affectd,zeroe_typo,5,typo,affected,47
1,associations,associationx,zeroe_typo,5,typo,association,47
2,guest,guyGet,anthro_typo,5,typo,guyget,47
3,modules,modles,zeroe_typo,5,typo,models,47
4,player,plyaer,zeroe_typo,5,typo,player,47
5,sacramento,eqcgamenyo,zeroe_typo,5,typo,equagomenyo,47
6,senior,se+n!ior,zeroe_noise,5,typo,senior,47
7,forward,forwa=r'd,zeroe_noise,5,typo,forward,47
8,bibliography,ibliography,zeroe_noise,5,typo,bibliography,47
9,broadcasting,Braodcasting,anthro_typo,5,typo,broadcasting,47
10,settle,sttele,zeroe_noise,5,typo,settle,47
11,scotia,sotia,zeroe_noise,5,typo,social,47
12,commons,cmnmoos,zeroe_noise,5,typo,common,47
13,acre,acfe,zeroe_typo,5,typo,face,47
14,agreed,agr)eed,zeroe_noise,6,typo,agreed,47
15,blvd,blved,anthro_typo,6,typo,beloved,47
16,headquarters,herduateqars,zeroe_noise,6,typo,graduateqars,47
17,recognize,regignize,anthro_typo,6,typo,recognize,47
18,instruments,instrumentos,anthro_typo,6,typo,instrumentos,47
19,swingers,swingere,zeroe_typo,6,typo,swinger,47
0,cart,ca.rt,zeroe_noise,6,typo,cart,48
1,rendered,rnereded,zeroe_noise,6,typo,rendered,48
2,nobody,nodoby,zeroe_typo,6,typo,nobody,48
3,smithsonian,smithsonean,anthro_typo,6,typo,smithsonian,48
4,ambivalent,ambibalent,zeroe_typo,6,typo,ambivalent,48
5,broke,broeke,anthro_typo,6,typo,broken,48
6,berkeley,berke$ley,zeroe_noise,6,typo,berkeley,48
7,meditation,editation,zeroe_noise,6,typo,meditation,48
8,innovation,invitaion,anthro_typo,6,typo,invitation,48
9,growing,gironwg,zeroe_noise,6,typo,growing,48
10,exports,*exports,zeroe_noise,6,typo,exports,48
11,modules,modales,anthro_typo,6,typo,models,48
12,lange,;qnge,zeroe_typo,6,typo,change,48
13,delivered,)d*elivered,zeroe_noise,6,typo,delivered,48
14,murder,^murder,zeroe_noise,6,typo,murder,48
15,indexes,indexec,zeroe_typo,6,typo,indexed,48
16,protective,protestHave,anthro_typo,6,typo,protest,48
17,footwear,fotwear,zeroe_noise,6,typo,footwear,48
18,occupation,Ocuppation,zeroe_typo,6,typo,occupation,48
19,inner,inher,anthro_typo,6,typo,inher,48
0,referrals,fwferdals,zeroe_typo,6,typo,forwarders,49
1,jelsoft,jelfsot,zeroe_noise,6,typo,leftmost,49
2,acre,acure,anthro_typo,6,typo,cure,49
3,continues,countinies,anthro_typo,6,typo,continues,49
4,urls,urlIS,anthro_typo,6,typo,surlis,49
5,primary,primorary,zeroe_typo,6,typo,primary,49
6,valentine,"va,entinr",zeroe_typo,6,typo,valentine,49
7,settle,shettle,zeroe_typo,6,typo,settle,49
8,simon,imon,zeroe_noise,6,typo,inom,49
9,wiltshire,wiltshir3,zeroe_typo,6,typo,wiltshire,49
10,atom,atm,zeroe_noise,6,typo,mat,49
11,expressed,esrepesxd,zeroe_noise,6,typo,expressed,49
12,surveys,sevyrus,zeroe_noise,6,typo,sevirus,49
13,meta,metw,zeroe_typo,6,typo,mewt,49
14,advised,advaced,zeroe_typo,6,typo,advanced,49
15,thru,thau,anthro_typo,6,typo,haut,49
16,programmer,prorammer,zeroe_noise,6,typo,programmer,49
17,pure,pue,zeroe_noise,6,typo,upe,49
18,affects,affectees,anthro_typo,6,typo,affected,49
19,registry,regishry,zeroe_typo,6,typo,registry,49
0,chick,Cheick,anthro_typo,6,typo,Check,50
1,nursing,nurishing,anthro_typo,6,typo,nourishing,50
2,lounge,|loun/ge,zeroe_noise,6,typo,lounge,50
3,scotia,scotiw,zeroe_typo,6,typo,scotia,50
4,française,fgançaise,zeroe_typo,6,typo,française,50
5,reed,re3d,zeroe_typo,6,typo,red,50
6,islands,Islamdoes,anthro_typo,6,typo,Islam does,50
7,stayed,STAHD,anthro_typo,6,typo,stand,50
8,const,cnost,zeroe_noise,6,typo,const,50
9,world,Worldf,zeroe_typo,6,typo,world,50
10,calgary,"ca,lgar&y",zeroe_noise,6,typo,calgary,50
11,kept,keeped,zeroe_typo,6,typo,kept,50
12,selecting,silcteneg,zeroe_noise,6,typo,selecting,50
13,interim,interjm,zeroe_typo,6,typo,interim,50
14,cellular,celular,zeroe_typo,6,typo,cellular,50
15,curve,curvs,zeroe_typo,6,typo,curves,50
16,commons,commonw,zeroe_typo,6,typo,common,50
17,previews,prviews,zeroe_noise,6,typo,previews,50
18,souls,sluls,zeroe_typo,6,typo,sells,50
19,solar,salor,zeroe_noise,6,typo,sailor,50
0,voyeurweb,boyeuraeb,zeroe_typo,6,typo,buyers,51
1,genres,generes,anthro_typo,6,typo,genres,51
2,sacramento,Sacramentao,anthro_typo,6,typo,Sacramento,51
3,healing,healibg,zeroe_typo,6,typo,healing,51
4,cave,cve,zeroe_noise,6,typo,cave,51
5,lopez,López,zeroe_typo,6,typo,Lopez,51
6,gamma,gANa,anthro_typo,6,typo,gana,51
7,psychiatry,psichiatry,zeroe_typo,6,typo,psychiatry,51
8,venezuela,vlneezuea,zeroe_noise,6,typo,venezuela,51
9,blended,blmDid,anthro_typo,6,typo,blinded,51
10,transmit,transmet,anthro_typo,6,typo,transmit,51
11,twisted,twistef,zeroe_typo,6,typo,twisted,51
12,observation,obersation,zeroe_typo,6,typo,observation,51
13,galaxy,]g-alaxy,zeroe_noise,6,typo,galaxy,51
14,immigrants,imigrantes,anthro_typo,6,typo,immigrants,51
15,addresses,adresses,zeroe_typo,6,typo,addresses,51
16,voters,votors,anthro_typo,6,typo,voters,51
17,drinking,dinking,zeroe_typo,6,typo,drinking,51
18,sink,snak,zeroe_typo,6,typo,snake,51
19,memo,memp,zeroe_typo,6,typo,meme,51
0,update,updatewe,anthro_typo,6,typo,update,52
1,math,matn,zeroe_typo,6,typo,mat,52
2,having,hanning,anthro_typo,6,typo,hanging,52
3,possessing,possesing,zeroe_typo,6,typo,possessing,52
4,market,Maarket,zeroe_typo,6,typo,market,52
5,border,borther,anthro_typo,6,typo,brother,52
6,speeches,spezes,anthro_typo,6,typo,spaces,52
7,then,THQN,anthro_typo,6,typo,than,52
8,mirror,mirro,zeroe_typo,6,typo,mirror,52
9,humor,homur,zeroe_noise,6,typo,humor,52
10,focuses,&foc{uses,zeroe_noise,6,typo,focuses,52
11,strongly,stronglly,zeroe_typo,6,typo,strongly,52
12,mail,mal,zeroe_noise,6,typo,mail,52
13,lookup,lowcap,anthro_typo,6,typo,lowcap,52
14,password,passiword,anthro_typo,6,typo,password,52
15,nostalgic,ngolaistc,zeroe_noise,6,typo,nationalistic,52
16,hostel,hostil,anthro_typo,6,typo,hostile,52
17,invest,investe,zeroe_typo,6,typo,invest,52
18,patricia,Patrika,anthro_typo,6,typo,Patricia,52
19,equipment,Equipement,anthro_typo,6,typo,equipment,52
0,spank,snapk,zeroe_noise,6,typo,spank,53
1,cream,criam,anthro_typo,6,typo,cream,53
2,liable,liavle,zeroe_typo,6,typo,liable,53
3,lamb,lamb,anthro_typo,6,typo,lamb,53
4,fiancé,fcinaé,zeroe_noise,6,typo,fiance,53
5,experiments,emrtipneexs,zeroe_noise,6,typo,experimenters,53
6,matrix,matrx,zeroe_noise,6,typo,matrix,53
7,crucial,cricial,anthro_typo,6,typo,critical,53
8,alarm,alrm,zeroe_noise,6,typo,alarm,53
9,surprise,[[Suprise,zeroe_typo,6,typo,[[Surprise,53
10,treating,treati=ng,zeroe_noise,6,typo,treating,53
11,planned,planndd,zeroe_typo,6,typo,planned,53
12,spanish,s.pani)sh,zeroe_noise,6,typo,spanish,53
13,structures,strctures,zeroe_noise,6,typo,structures,53
14,confused,comfused,anthro_typo,6,typo,confused,53
15,shake,shke,zeroe_noise,6,typo,shake,53
16,timer,timr,zeroe_noise,6,typo,timer,53
17,walter,wletar,zeroe_noise,6,typo,welter,53
18,papua,pava,anthro_typo,6,typo,papa,53
19,publicly,plculiby,zeroe_noise,6,typo,plausibly,53
0,anthony,anthon,zeroe_noise,6,typo,Anthony,54
1,machinery,macchinari,anthro_typo,6,typo,machinari,54
2,publisher,>pub!li/sher,zeroe_noise,6,typo,publisher,54
3,courts,couts,zeroe_noise,6,typo,scouts,54
4,player,pleier,anthro_typo,6,typo,player,54
5,helping,HelpOmg,anthro_typo,6,typo,homely,54
6,standard,standared,anthro_typo,6,typo,standard,54
7,frame,framme,zeroe_typo,6,typo,frame,54
8,queens,qiedns,zeroe_typo,6,typo,squeezed,54
9,bibliography,blbliography,zeroe_typo,6,typo,bibliography,54
10,senior,seniour,zeroe_typo,6,typo,senior,54
11,nebraska,nkbesraa,zeroe_noise,6,typo,breaks,54
12,gravity,grafiti,anthro_typo,6,typo,graffiti,54
13,registrar,Registrer,anthro_typo,6,typo,register,54
14,affiliate,affialite,anthro_typo,6,typo,affiliate,54
15,skype,skabe,anthro_typo,6,typo,skate,54
16,apollo,aloplo,zeroe_noise,6,typo,apollo,54
17,drilling,dril;ing,zeroe_typo,6,typo,drilling,54
18,superb,superburb,zeroe_typo,6,typo,suburb,54
19,step,setp,zeroe_noise,6,typo,step,54
0,distinction,dtinction,zeroe_noise,6,typo,distinction,55
1,proof,prouf,zeroe_typo,6,typo,proof,55
2,already,lready,zeroe_noise,6,typo,already,55
3,continually,continualy,zeroe_typo,6,typo,continually,55
4,wanting,waiitng,anthro_typo,6,typo,waiting,55
5,associations,assosiations,anthro_typo,6,typo,associations,55
6,blank,blsnk,zeroe_typo,6,typo,blank,55
7,settlement,sttlement,zeroe_noise,6,typo,settlement,55
8,superior,sufrir,anthro_typo,6,typo,suffer,55
9,forward,foward,zeroe_typo,6,typo,forward,55
10,strain,Strawn,anthro_typo,6,typo,Strawn,55
11,river,ripear,anthro_typo,6,typo,repair,55
12,effort,efroft,zeroe_noise,6,typo,effort,55
13,twisted,Twiztid,anthro_typo,7,typo,Twiztid,55
14,mexico,m/ex%i`co,zeroe_noise,7,typo,Mexico,55
15,apparatus,a'p@para;tu-s,zeroe_noise,7,typo,apparatus,55
16,surveys,suveys,zeroe_typo,7,typo,surveys,55
17,threatening,threateng,zeroe_noise,7,typo,threatening,55
18,aims,amis,zeroe_noise,7,typo,amis,55
19,adequate,adeqate,zeroe_noise,7,typo,adequate,55
0,guard,gard,zeroe_noise,7,typo,guard,56
1,venezuela,venezuelan,zeroe_typo,7,typo,Venezuela,56
2,plane,panle,zeroe_noise,7,typo,panel,56
3,spank,s;ank,zeroe_typo,7,typo,swank,56
4,advised,ADVICED,anthro_typo,7,typo,advised,56
5,blues,bl*ues,zeroe_noise,7,typo,blues,56
6,abroad,abroa:d,zeroe_noise,7,typo,abroad,56
7,jelsoft,jelaoft,zeroe_typo,7,typo,left,56
8,seasons,se#as^ons,zeroe_noise,7,typo,seasons,56
9,expressed,expressec,zeroe_typo,7,typo,expressed,56
10,aurora,aourra,zeroe_noise,7,typo,aura,56
11,française,Françoise,anthro_typo,7,typo,Francoise,56
12,reliance,rleinace,zeroe_noise,7,typo,reliance,56
13,souls,sowells,anthro_typo,7,typo,towels,56
14,anthony,xnthony,zeroe_typo,7,typo,Anthony,56
15,meetup,mteeup,zeroe_noise,7,typo,meetup,56
16,staffing,saffing,zeroe_noise,7,typo,staffing,56
17,wiltshire,wichtigere,anthro_typo,7,typo,weightier,56
18,registry,registerI,anthro_typo,7,typo,register,56
19,headquarters,headqyarters,zeroe_typo,7,typo,headquarters,56
0,matrix,matrux,zeroe_typo,7,typo,matrix,57
1,nobody,nobady,anthro_typo,7,typo,nobody,57
2,distinction,distindtion,zeroe_typo,7,typo,distinction,57
3,continually,continauly,anthro_typo,7,typo,continually,57
4,rendered,rfndered,zeroe_typo,7,typo,rendered,57
5,surprise,surprize,anthro_typo,7,typo,surprise,57
6,know,[k+now,zeroe_noise,7,typo,known,57
7,calgary,calgar7,zeroe_typo,7,typo,calgary,57
8,world,wojld,anthro_typo,7,typo,would,57
9,voyeurweb,vorab,anthro_typo,7,typo,vocab,57
10,const,donst,zeroe_typo,7,typo,don't,57
11,make,mkae,zeroe_noise,7,typo,make,57
12,apollo,spollo,zeroe_typo,7,typo,spoil,57
13,growing,groving,zeroe_typo,7,typo,growing,57
14,deserve,desrve,zeroe_noise,7,typo,deserve,57
15,invest,Infekt,anthro_typo,7,typo,infect,57
16,delivered,delivere,zeroe_typo,7,typo,deliver,57
17,settle,Settele,anthro_typo,7,typo,settle,57
18,scotia,Scityia,anthro_typo,7,typo,scotia,57
19,already,Alredy,zeroe_typo,7,typo,already,57
0,settlement,settlemens,zeroe_typo,7,typo,settlements,58
1,simon,simoh,zeroe_typo,7,typo,smooh,58
2,understood,uonoesrtdd,zeroe_noise,7,typo,understood,58
3,primary,primery,anthro_typo,7,typo,primary,58
4,lange,Lanze,anthro_typo,7,typo,lance,58
5,cave,cavs,zeroe_typo,7,typo,caves,58
6,blank,blahnik,anthro_typo,7,typo,blank,58
7,publicly,pyglicly,zeroe_typo,7,typo,glycily,58
8,bibliography,Bibilography,anthro_typo,7,typo,bibliography,58
9,cellular,cellular,anthro_typo,7,typo,cellar,58
10,capable,capabl.e,zeroe_noise,7,typo,capable,58
11,referral,r}ef@e/rral,zeroe_noise,7,typo,referral,58
12,kept,keepit,anthro_typo,7,typo,kelpit,58
13,drinking,dronking,anthro_typo,7,typo,drinking,58
14,referrals,reffereals,anthro_typo,7,typo,refereals,58
15,selecting,selectig,zeroe_typo,7,typo,selecting,58
16,lounge,launge,zeroe_typo,7,typo,lounge,58
17,berkeley,berkele7,zeroe_typo,7,typo,berkeley,58
18,agreed,argeed,zeroe_typo,7,typo,agreed,58
19,python,pthn,zeroe_noise,7,typo,python,58
0,liable,libelle,anthro_typo,7,typo,libelle,59
1,hazard,hazrad,zeroe_noise,7,typo,hazard,59
2,dealers,de#a-l{e)r}s,zeroe_noise,7,typo,dealers,59
3,queens,Quinns,anthro_typo,7,typo,Quinns,59
4,footwear,footware,zeroe_typo,7,typo,footwear,59
5,market,markit,anthro_typo,7,typo,market,59
6,hearing,heniarg,zeroe_noise,7,typo,hearing,59
7,focuses,fofusea,zeroe_typo,7,typo,souffle,59
8,depending,deending,zeroe_noise,7,typo,depending,59
9,murder,munder,zeroe_typo,7,typo,minder,59
10,would,wloud,zeroe_noise,7,typo,cloud,59
11,taste,t]as&te,zeroe_noise,7,typo,taste,59
12,experiments,experimentalize,zeroe_typo,7,typo,experimentalize,59
13,felt,flet,zeroe_noise,7,typo,felt,59
14,oldest,oldes,zeroe_noise,7,typo,lodes,59
15,frame,frome,anthro_typo,7,typo,forme,59
16,previews,p5eviews,zeroe_typo,7,typo,previews,59
17,achievement,achieement,zeroe_noise,7,typo,achievement,59
18,decide,",decid^e",zeroe_noise,7,typo,decide,59
19,effort,efdort,zeroe_typo,7,typo,effort,59
0,psychiatry,psikiyatri,anthro_typo,7,typo,psychiatry,60
1,courts,fourts,zeroe_typo,7,typo,forts,60
2,valentine,Valintine,anthro_typo,7,typo,Valentine,60
3,citations,ci=tations,zeroe_noise,7,typo,citations,60
4,step,steap,zeroe_typo,7,typo,paste,60
5,senior,SeIIner,anthro_typo,7,typo,Seiner,60
6,beverage,be;vera+ge,zeroe_noise,7,typo,beverage,60
7,walter,qalter,zeroe_typo,7,typo,walter,60
8,galaxy,galaxj,zeroe_typo,7,typo,galaxy,60
9,curve,curveWe,anthro_typo,7,typo,curfew,60
10,spanish,Spannish,zeroe_typo,7,typo,Spanish,60
11,alarm,alrm,zeroe_typo,7,typo,alarm,60
12,occupation,occupatian,anthro_typo,7,typo,occupation,60
13,atom,atlm,zeroe_typo,7,typo,atm,60
14,murray,mrray,zeroe_noise,7,typo,murray,60
15,healing,heiling,anthro_typo,7,typo,healing,60
16,timer,tomet,zeroe_typo,7,typo,comet,60
17,supplemental,s\uppl$e`men$t:a]l,zeroe_noise,7,typo,supplemental,60
18,treating,treqtinb,zeroe_typo,7,typo,treating,60
19,math,maith,anthro_typo,7,typo,faith,60
0,nearby,|ne;a/r:b_y,zeroe_noise,7,typo,boundary,61
1,indexes,Indizes,anthro_typo,7,typo,indices,61
2,exports,exportación,zeroe_typo,7,typo,exportacion,61
3,possessing,possessing,anthro_typo,7,typo,possessing,61
4,memo,MENo,anthro_typo,7,typo,meno,61
5,silk,slik,zeroe_noise,7,typo,silk,61
6,solar,sorlar,zeroe_typo,7,typo,solar,61
7,interim,interium,anthro_typo,7,typo,interim,61
8,strongly,strangly,anthro_typo,7,typo,strangely,61
9,freeware,freewar,zeroe_noise,7,typo,freeware,61
10,lifestyle,l_ifest]yle,zeroe_noise,7,typo,lifestyle,61
11,mail,mai,zeroe_typo,7,typo,mail,61
12,meta,meda,anthro_typo,7,typo,media,61
13,reed,REYD,anthro_typo,7,typo,ready,61
14,males,mals,zeroe_noise,7,typo,malls,61
15,observation,observetion,anthro_typo,7,typo,observation,61
16,fiancé,glwncé,zeroe_typo,7,typo,glance,61
17,addresses,adresess,anthro_typo,7,typo,addresses,61
18,mirror,MIRAR,anthro_typo,7,typo,mirar,61
19,forward,forwared,anthro_typo,7,typo,forward,61
0,cart,caft,zeroe_typo,7,typo,craft,62
1,publisher,publushe5,zeroe_typo,7,typo,published,62
2,proof,priof,anthro_typo,7,typo,prior,62
3,drilling,drolling,anthro_typo,7,typo,scrolling,62
4,delivery,dlvereiy,zeroe_noise,7,typo,delivery,62
5,nostalgic,nostaligic,zeroe_typo,7,typo,nostalgic,62
6,programmer,programma,zeroe_typo,7,typo,program,62
7,ambivalent,ambivilant,anthro_typo,7,typo,ambivalent,62
8,guide,gudie,zeroe_noise,7,typo,guide,62
9,threshold,thresho+ld,zeroe_noise,7,typo,threshold,62
10,planned,planahead,anthro_typo,7,typo,plan ahead,62
11,perfume,perume,zeroe_noise,7,typo,perfume,62
12,discourage,disourage,zeroe_noise,7,typo,discourage,62
13,shake,shak,zeroe_typo,7,typo,shake,62
14,meditation,meditacion,zeroe_typo,7,typo,meditation,62
15,lopez,lovez,anthro_typo,7,typo,loves,62
16,nebraska,nebrawka,zeroe_typo,7,typo,nebraska,62
17,adams,a)dams,zeroe_noise,7,typo,adams,62
18,structures,stuctures,zeroe_typo,7,typo,structures,62
19,swingers,swingers,anthro_typo,7,typo,singers,62
0,penalties,p{e[nal=t/ies,zeroe_noise,7,typo,penalties,63
1,shannon,shnnon,zeroe_noise,7,typo,shannon,63
2,thoroughly,thhorguloy,zeroe_noise,7,typo,thoroughly,63
3,chamber,chamer,zeroe_noise,7,typo,chamber,63
4,prediction,predictio,zeroe_noise,7,typo,prediction,63
5,commons,commens,anthro_typo,7,typo,comments,63
6,humor,houmour,zeroe_typo,7,typo,humour,63
7,superb,subburb,anthro_typo,7,typo,suburb,63
8,sink,Sinek,anthro_typo,7,typo,sinek,63
9,loan,lan,zeroe_noise,7,typo,plan,63
10,dealing,daling,zeroe_noise,7,typo,daring,63
11,pure,oure,zeroe_typo,7,typo,sure,63
12,desert,des@ert,zeroe_noise,8,typo,desert,63
13,quotations,*q]uo'tatio#n&s,zeroe_noise,8,typo,quotations,63
14,spanish,spinich,anthro_typo,8,typo,spinach,63
15,hazard,hazaed,zeroe_typo,8,typo,hazard,63
16,previews,prevuious,anthro_typo,8,typo,previous,63
17,referral,rreferal,zeroe_typo,8,typo,referral,63
18,growing,greying,anthro_typo,8,typo,greying,63
19,crest,cest,zeroe_noise,8,typo,cest,63
0,mixture,"mi}xt^u,re",zeroe_noise,8,typo,mixture,64
1,treating,tryting,anthro_typo,8,typo,trying,64
2,exterior,e]xter]ior,zeroe_noise,8,typo,exterior,64
3,experiments,experimentales,anthro_typo,8,typo,experimentals,64
4,adequate,adeguate,zeroe_typo,8,typo,adequate,64
5,processing,pro(c\ess*ing,zeroe_noise,8,typo,processing,64
6,meditation,metitation,anthro_typo,8,typo,meditation,64
7,fiancé,finché,anthro_typo,8,typo,finch,64
8,discourage,duscoutatr,zeroe_typo,8,typo,distributor,64
9,nearby,neardy,zeroe_typo,8,typo,nerdy,64
10,loan,lona,zeroe_typo,8,typo,loan,64
11,exports,Expertos,anthro_typo,8,typo,experts,64
12,corporations,crporations,zeroe_noise,8,typo,corporations,64
13,already,alreydy,anthro_typo,8,typo,already,64
14,timer,Timur,anthro_typo,8,typo,timer,64
15,dealing,dexling,zeroe_typo,8,typo,deckling,64
16,felt,feeled,zeroe_typo,8,typo,feeled,64
17,chamber,chanbrr,zeroe_typo,8,typo,chamber,64
18,logitech,loitech,zeroe_noise,8,typo,lo-tech,64
19,know,nou,zeroe_typo,8,typo,now,64
0,walter,wanter,anthro_typo,8,typo,water,65
1,apparatus,appratus,zeroe_typo,8,typo,apparatus,65
2,wednesday,wdsdneeay,zeroe_noise,8,typo,wednesday,65
3,jelsoft,jelsoft,anthro_typo,8,typo,software,65
4,stops,s|t[op{s,zeroe_noise,8,typo,stop,65
5,make,amke,zeroe_typo,8,typo,make,65
6,throughout,tuhroouhgt,zeroe_noise,8,typo,throughout,65
7,oldest,[[olders,zeroe_typo,8,typo,folders,65
8,oracle,racle,zeroe_noise,8,typo,oracle,65
9,would,whoud,zeroe_typo,8,typo,would,65
10,lindsay,linsay,zeroe_noise,8,typo,lindsay,65
11,prediction,prsdiction,zeroe_typo,8,typo,prediction,65
12,bill,blil,zeroe_noise,8,typo,bill,65
13,step,staup,anthro_typo,8,typo,staple,65
14,jewellery,je)wellery,zeroe_noise,8,typo,jewellery,65
15,decide,dedide,zeroe_typo,8,typo,decide,65
16,nebraska,NEBRACKA,anthro_typo,8,typo,nebraska,65
17,spank,spmk,anthro_typo,8,typo,spam,65
18,selecting,seilisting,anthro_typo,8,typo,resisting,65
19,menu,mneu,zeroe_noise,8,typo,menu,65
0,scholarship,srilcoahhsp,zeroe_noise,8,typo,hospital,66
1,roommate,r]oom^mat;e,zeroe_noise,8,typo,roommate,66
2,distinction,distinción,anthro_typo,8,typo,distinction,66
3,python,pythob,zeroe_typo,8,typo,python,66
4,anthony,Antony,anthro_typo,8,typo,Anthony,66
5,nepal,naepl,zeroe_noise,8,typo,panel,66
6,delaware,delrawae,zeroe_noise,8,typo,drawled,66
7,guard,gurd,zeroe_typo,8,typo,drug,66
8,hearing,heraring,zeroe_typo,8,typo,hearing,66
9,platinum,platinu'm,zeroe_noise,8,typo,platinum,66
10,scan,sca]n,zeroe_noise,8,typo,scan,66
11,murder,murther,anthro_typo,8,typo,murder,66
12,cornell,corell,zeroe_noise,8,typo,correll,66
13,mail,Mayil,anthro_typo,8,typo,mail,66
14,agreed,agrued,anthro_typo,8,typo,argued,66
15,nostalgic,nostolgic,anthro_typo,8,typo,nostalgic,66
16,directive,drective,zeroe_noise,8,typo,directive,66
17,heel,hel,zeroe_noise,8,typo,help,66
18,deserve,derserve,zeroe_typo,8,typo,deserve,66
19,burns,bnrus,zeroe_noise,8,typo,burns,66
0,year,yar,zeroe_noise,8,typo,ray,67
1,reliance,reliajce,zeroe_typo,8,typo,reliance,67
2,artwork,artwrk,zeroe_noise,8,typo,artwork,67
3,cancelled,cealenlcd,zeroe_noise,8,typo,cancelled,67
4,headquarters,headquarters,anthro_typo,8,typo,headquarters,67
5,sanford,sanfrd,zeroe_noise,8,typo,sanford,67
6,capable,capeble,zeroe_typo,8,typo,capable,67
7,scenic,siencc,zeroe_noise,8,typo,science,67
8,slightly,sli~ght&ly,zeroe_noise,8,typo,slightly,67
9,calgary,calzari,anthro_typo,8,typo,calzari,67
10,solar,Soular,anthro_typo,8,typo,solar,67
11,economy,conomy,zeroe_noise,8,typo,economy,67
12,threatening,threatning,zeroe_typo,8,typo,threatening,67
13,settlement,settelement,anthro_typo,8,typo,settlement,67
14,thoroughly,throughly,zeroe_typo,8,typo,thoroughly,67
15,simon,siemen,anthro_typo,8,typo,siemens,67
16,shake,shoke,anthro_typo,8,typo,shock,67
17,atomic,atmioc,zeroe_noise,8,typo,atomic,67
18,opening,ope>ni@ng,zeroe_noise,8,typo,opening,67
19,arctic,a`rctic,zeroe_noise,8,typo,arctic,67
0,supplemental,sup0lemental,zeroe_typo,8,typo,supplemental,68
1,galaxy,Galashki,anthro_typo,8,typo,galashiels,68
2,footwear,FOTHER,anthro_typo,8,typo,father,68
3,achievement,archivement,zeroe_typo,8,typo,achievement,68
4,gnome,g.n-om}e,zeroe_noise,8,typo,genome,68
5,berkeley,berkely,anthro_typo,8,typo,berkeley,68
6,adams,xdsms,zeroe_typo,8,typo,xdsm,68
7,pure,pure,anthro_typo,8,typo,pure,68
8,penalties,penalities,zeroe_typo,8,typo,penalties,68
9,brain,bain,zeroe_noise,8,typo,brain,68
10,meetup,mrstyp,zeroe_typo,8,typo,symptom,68
11,courts,courtHES,anthro_typo,8,typo,courthes,68
12,humor,HUMOUR,anthro_typo,8,typo,humor,68
13,aims,Aimes,zeroe_typo,8,typo,amies,68
14,citations,xitatione,zeroe_typo,8,typo,excitation,68
15,mexico,mex,zeroe_typo,8,typo,mex,68
16,climbing,clmbing,zeroe_noise,8,typo,climbing,68
17,duke,uke,zeroe_noise,8,typo,uke,68
18,publisher,publiser,anthro_typo,8,typo,publisher,68
19,structures,structurelles,anthro_typo,8,typo,structureless,68
0,effort,efreet,anthro_typo,8,typo,freeth,69
1,seasons,seanons,zeroe_typo,8,typo,seasons,69
2,silk,slik,zeroe_typo,8,typo,silk,69
3,matrix,Maudrux,anthro_typo,8,typo,maudlin,69
4,understood,andersturd,zeroe_typo,8,typo,understand,69
5,blues,bloues,zeroe_typo,8,typo,blouse,69
6,aurora,surorw,zeroe_typo,8,typo,sorrow,69
7,garcia,gcriaa,zeroe_noise,8,typo,agric,69
8,threshold,threshould,zeroe_typo,8,typo,threshold,69
9,maintaining,m.ain{t<a}inin;g,zeroe_noise,8,typo,maintaining,69
10,apollo,APPELLO,anthro_typo,8,typo,appello,69
11,lifestyle,liftstyle,zeroe_typo,8,typo,lifestyle,69
12,loans,lons,zeroe_noise,8,typo,lens,69
13,staffing,sfaffijg,zeroe_typo,8,typo,staffing,69
14,programmer,progreheimer,anthro_typo,8,typo,programmer,69
15,surveys,survays,anthro_typo,8,typo,surveys,69
16,publicly,Publically,anthro_typo,8,typo,publicly,69
17,scheduled,"s'ched,ul=ed",zeroe_noise,8,typo,scheduled,69
18,church,cucrhh,zeroe_noise,8,typo,crunch,69
19,plane,pplane,zeroe_typo,8,typo,plane,69
0,cave,cabe,anthro_typo,8,typo,cable,70
1,expressed,experieced,anthro_typo,8,typo,experienced,70
2,croats,c{roa`ts,zeroe_noise,8,typo,carrots,70
3,murray,mjf4ay,zeroe_typo,8,typo,mayfly,70
4,purpose,pourspe,zeroe_noise,8,typo,purpose,70
5,taste,teaste,zeroe_typo,8,typo,estate,70
6,depending,deoending,zeroe_typo,8,typo,depending,70
7,spring,"s,pring",zeroe_noise,8,typo,spring,70
8,freeware,frfewa4e,zeroe_typo,8,typo,freezer,70
9,lounge,lomge,anthro_typo,8,typo,golem,70
10,delivered,delaproud,anthro_typo,8,typo,upload,70
11,abroad,abord,zeroe_typo,8,typo,board,70
12,joshua,jhosua,zeroe_noise,8,typo,joshua,70
13,dealers,dezlers,zeroe_typo,8,typo,sledder,70
14,males,malfs,zeroe_typo,8,typo,flams,70
15,venezuela,Venezuelaya,anthro_typo,8,typo,Venezuela,70
16,rendered,remtard,anthro_typo,8,typo,retard,70
17,const,comSt,anthro_typo,8,typo,comet,70
18,cart,CarrWhat,anthro_typo,8,typo,carrot,70
19,latinas,lnatais,zeroe_noise,8,typo,instal,70
0,cincinnati,"ci,ncinnati",zeroe_noise,8,typo,Cincinnati,71
1,shannon,xhqnn;b,zeroe_typo,8,typo,alphabet,71
2,attending,a]ttendi\ng,zeroe_noise,8,typo,attending,71
3,delivery,delivey,zeroe_typo,8,typo,delivery,71
4,beverage,bevarage,zeroe_typo,8,typo,beverage,71
5,atom,Atem,anthro_typo,8,typo,Mate,71
6,alarm,alırım,anthro_typo,8,typo,alırım,71
7,guide,guid,zeroe_typo,8,typo,guide,71
8,parks,park}s,zeroe_noise,8,typo,parks,71
9,perfume,perfums,zeroe_typo,8,typo,perfumes,71
10,focuses,focuses,anthro_typo,8,typo,focuses,71
